0001.jpg,งต4526,ขอนแก่น
0002.jpg,งธ2860,ขอนแก่น
0003.jpg,2ขษ1477,กรุงเทพมหานคร
0004.jpg,2ขฏ3260,กรุงเทพมหานคร
0005.jpg,ฌว4651,กรุงเทพมหานคร
0006.jpg,ขค5352,ขอนแก่น
0007.jpg,งธ2680,ขอนแก่น
0008.jpg,ขค3788,เชียงราย
0009.jpg,ชง1225,ขอนแก่น
0010.jpg,งท1370,ขอนแก่น
0011.jpg,กธ6219,ขอนแก่น
0012.jpg,ขธ8690,ขอนแก่น
0013.jpg,งท6149,ขอนแก่น
0014.jpg,ผห227,ขอนแก่น
0015.jpg,8กอ9549,กรุงเทพมหานคร
0016.jpg,กง4596,หนองบัวลำภู
0017.jpg,กฉ2368,ศรีสะเกษ
0018.jpg,งฉ4651,ขอนแก่น
0019.jpg,งต5380,ขอนแก่น
0020.jpg,กธ5557,กาฬสินธุ์
0021.jpg,กบ5166,มหาสารคาม
0022.jpg,งน5196,ขอนแก่น
0023.jpg,กย8920,ขอนแก่น
0024.jpg,ขค8009,ขอนแก่น
0025.jpg,ขข46,ขอนแก่น
0026.jpg,กบ5890,ร้อยเอ็ด
0027.jpg,กย4884,ขอนแก่น
0028.jpg,ขต7448,ขอนแก่น
0029.jpg,กย655,ขอนแก่น
0030.jpg,ขท8669,ขอนแก่น
0031.jpg,ขย5735,ขอนแก่น
0032.jpg,ขล5415,ขอนแก่น
0033.jpg,ขษ4221,ขอนแก่น
0034.jpg,งข9063,ขอนแก่น
0035.jpg,งค3842,ขอนแก่น
0036.jpg,งจ2464,ขอนแก่น
0037.jpg,งต380,ขอนแก่น
0038.jpg,ก-1571,มหาสารคาม
0039.jpg,1กด2293,กรุงเทพมหานคร
0040.jpg,กล4904,ขอนแก่น
0041.jpg,กร7185,ขอนแก่น
0042.jpg,กล5063,ขอนแก่น
0043.jpg,กว1358,ขอนแก่น
0044.jpg,2ฒส403,กรุงเทพมหานคร
0045.jpg,กว575,ขอนแก่น
0046.jpg,5ขย2876,กรุงเทพมหานคร
0047.jpg,8กฌ7875,กรุงเทพมหานคร
0048.jpg,9กฌ3980,กรุงเทพมหานคร
0049.jpg,ยง2989,ขอนแก่น
0050.jpg,กว7016,ขอนแก่น
0051.jpg,กน8036,ขอนแก่น
0052.jpg,8กฌ7875,กรุงเทพมหานคร
0053.jpg,กง4596,หนองบัวลำภู
0054.jpg,ขจ432,ขอนแก่น
0055.jpg,ขท2693,ขอนแก่น
0056.jpg,กน9938,สกลนคร
0057.jpg,กว1356,ขอนแก่น
0058.jpg,กอ5764,ขอนแก่น
0059.jpg,ขข1526,ขอนแก่น
0060.jpg,ขค8755,ขอนแก่น
0061.jpg,ขษ577,ขอนแก่น
0062.jpg,ขก1262,ขอนแก่น
0063.jpg,ฌผ2248,กรุงเทพมหานคร
0064.jpg,ขค5352,ขอนแก่น
0065.jpg,ขธ1886,ขอนแก่น
0066.jpg,ขม1084,ขอนแก่น
0067.jpg,ขค5662,ขอนแก่น
0068.jpg,ขต3556,ขอนแก่น
0069.jpg,ขท8548,อุดรธานี
0070.jpg,ขธ7399,ขอนแก่น
0071.jpg,ขย4519,ขอนแก่น
0072.jpg,ขม9686,ขอนแก่น
0073.jpg,ขย5699,ขอนแก่น
0074.jpg,ขย649,ขอนแก่น
0075.jpg,ขล5469,ขอนแก่น
0076.jpg,ขล9359,ขอนแก่น
0077.jpg,ขล5294,ขอนแก่น
0078.jpg,ขอ473,ขอนแก่น
0079.jpg,ชฮ2744,กรุงเทพมหานคร
0080.jpg,งข8237,ขอนแก่น
0081.jpg,ขอ5609,ขอนแก่น
0082.jpg,งข659,ขอนแก่น
0083.jpg,งข9740,ขอนแก่น
0084.jpg,งค3842,ขอนแก่น
0085.jpg,งค7118,ขอนแก่น
0086.jpg,งจ2464,ขอนแก่น
0087.jpg,งฉ2672,ขอนแก่น
0088.jpg,งฉ3195,ขอนแก่น
0089.jpg,งท8974,ขอนแก่น
0090.jpg,งธ677,ขอนแก่น
0091.jpg,งธ4088,ขอนแก่น
0092.jpg,งน7726,ขอนแก่น
0093.jpg,งน1535,ขอนแก่น
0094.jpg,งน4552,ขอนแก่น
0095.jpg,ซส8033,กรุงเทพมหานคร
0096.jpg,งน5296,ขอนแก่น
0097.jpg,ฏส9193,กรุงเทพมหานคร
0098.jpg,ศส5423,กรุงเทพมหานคร
0099.jpg,ผม5394,ขอนแก่น
0100.jpg,กว547,นครราชสีมา